श्लोक,पाद १,पाद २,पाद ३,पाद ४,
1,मरगग,सरलग,ररगल,ससलल,
2,तरगल,मरलग,तसगल,तसलग,
3,मरगग,तसलग,तसगल,सरलग,
4,ररगग,तसलल,सरगल,ससलग,
5,रतगल,ररलग,सरगल,तसलग,
6,यरगल,ररलग,मरगल,रसलग,
7,मसगग,रसलल,रसगल,मरलग,
8,यरगल,तसलग,मरगल,ररलल,
9,तसगग,यरलग,मभलग,मसलग,
10,यरगल,यरलल,मसगग,यरलल,
11,ससगल,यसलग,ररगल,यरलल,
12,रसगल,सरलग,ररगग,मरलग,
13,यरगल,ससलग,सरगल,यसलल,
14,यरगग,नरलग,ररगल,मरलग,
15,रमगग,ररलग,मरगल,रमलग,
16,जसगग,मरलग,ससगल,जसलग,
17,तसगल,यसलग,मरगल,ररलग,
18,सरगल,ररलग,मसगल,ममगल,
19,यरगग,रसलल,जरगल,ससलल,
20,नरगग,ररलग,यरगग,सरलग,
21,मरगल,ससलग,रसगग,यसलल,
22,ररगल,ररलग,रसगल,भसलग,
23,ररगल,यसलग,ररगग,तसलग,
24,रमगग,यरलल,रसगग,ररलल,
25,मभलल,मसलग,जरगग,सरलल,
26,मरगल,जसलग,मरगग,मरलग,
27,सयगल,रसलल,रसगल,मरलग,
28,रसगग,यसलग,मसगल,यसलल,
29,तसगल,जसलल,रसगग,ररलग,
30,मरगग,तसलग,सरगल,ससलग,
31,यसगल,सरलल,सरगल,तसलग,
32,यसगल,सरलल,मरगल,मरलग,
33,मतगग,मरलल,सरगग,मरलल,
34,मसगग,जसलग,रसगग,मरलग,
35,तरगल,जसलल,सरगल,मसगग,
36,जरगल,मरलल,ररगग,मरलग,
37,मरगल,ररलग,ससगग,सरलल,
38,मरगल,तसलग,जयगल,मरलल,
39,जरगल,मरलल,जयगल,यरलल,
40,जरगल,सरलग,मरगल,यसलल,
41,यसगल,यसलग,ररगल,ररलग,
42,रसगल,यरलल,जसगग,ररलग,
43,मरगग,रसलग,मतगग,सरलग,
44,तसगग,यरलल,ससगग,ससलल,
45,जसगल,तसलल,तसगल,तसलग,
46,सरगल,यरलग,ररगल,मसलग,
47,ररगग,यसलल,जसगल,ररलग,
48,ररगल,ररलल,यसगल,जसलग,
49,यभलल,ससलल,जरगल,जसलल,
50,मसगल,मसलग,मसगल,मसलल,
51,यसगग,तसलल,ससगल,मसलल,
52,जतजगग,मतजगग,ततजगल,ततजगग,
53,*यतयय,*तभयय,*ततजग,तभतगग,
54,ततजगग,तततगग,मततगग,मततगल,
55,नतजगग,ततजगग,जतजगग,ततजगल,
56,रमगल,यरलल,जसगल,मरलल,
57,सयगल,ससलल,रसगग,यसलग,
58,यरगल,मरलग,यसगल,ररलग,
59,यतगल,यरलग,जसगल,तसलल,
60,ररगग,मरलग,यरगल,मसलल,
61,मरगल,तसलग,ररगग,ररलल,
62,भसगग,ससलल,ससगल,मरलग,
63,ररगग,मरलग,ससगल,सरलग,
64,ससगल,रसलल,जरगल,यरलल,
65,रसगग,मरलग,जरगल,मरलल,
66,यरगल,मरलल,यसगग,मसलग,
67,जभतगल,मभतगग,यततगग,जततगग,
68,तरगल,जसलल,जसगल,तसलल,
69,ततजगल,जतजगल,जतजगग,ततजगग,
70,मरगल,तसलग,यरगग,जसलग,
71,मसगल,मरलल,मसगल,सरलग,
72,मसगल,सरलग,मरगल,रसलल,
73,सतगल,मरगल,जरगग,मसलल,
74,तसगल,ययलल,तसगग,यसलल,
75,मरगल,ररलल,तसगल,रसलग,
76,*ततजग,*तभसय,ततमगल,मतजगल,
77,मसगल,मरलल,मरगल,यसलल,
78,जसगल,ससलल,तमगल,रसलग,
79,जतगल,मसगल,सरगल,यरगल,
80,ससगल,मसलल,जमगल,मसलल,
81,यरगल,सरलग,तरगल,ससलग,
82,जभलल,मरलग,तभलग,मसलल,
83,जतलग,यसलग,मसगल,यसलल,
84,यभगल,मरलग,मरगल,तरलग,
85,सरगग,मरलग,यरगल,मसलल,
86,मसगग,मरगल,मरगल,ररलल,
87,मसगल,ररलग,ररगल,रसलग,
88,सरगल,तसलल,सरगल,रसलग,
89,ररगल,ससलग,रसगल,ररलग,
90,मतलग,रसलग,जभलग,मसलल,
91,मरगग,जरलग,सरगल,यसलग,
92,तसगग,मरलल,मरगग,मरलग,
93,मनगग,ररलग,मरगल,रसलग,
94,मरगग,रसलल,तसगग,मरलल,
95,मसगल,मरलल,ररगग,यरलग,
96,तसगल,ररलल,तसगल,रसलग,
97,ररगल,जरगग,मरगल,मसलल,
98,ररगल,यरलग,रसगग,यरलल,
99,यभलल,तसलल,यरगल,मसलल,
100,ससगग,यसलग,यसगल,यसलल,
101,यरगग,यरलल,सरगल,यसलल,
102,ससगग,मसलग,मरगल,यरलग,
103,ततलग,जसगग,रसगल,ससलग,
104,मरगल,मसलल,रनगल,ररलग,
105,यसगल,मरलग,ररगल,ररलग,
106,ससगग,यरलग,सरगल,यरलग,
107,ससगल,ससलग,रसगल,जसलग,
108,ररगल,ररलग,जतगल,ररलग,
109,रसगल,मरलग,मरगल,मरलग,
110,तसगल,मरलग,मतगग,ररलल,
111,मसगल,सरलल,ररगग,जसलल,
112,यरगग,ररलग,जरगल,मसलग,
113,रसगल,यरलग,यसगल,यसलल,
114,रभलग,रसलग,जनगग,मसलल,
115,मसगग,यरलग,ररगल,ररलग,
116,ररगग,मरलग,मसगल,ररलग,
117,तभजगग,जतजगल,मतजगग,जतजगग,
118,जमगग,जसगग,रसगल,जसलल,
119,मरगल,मसलल,मरगल,ररलल,
120,रतगग,यरलल,मसगग,जसलल,
121,मरगल,मसलग,यसगल,ररलग,
122,तसगग,यरलल,ररगग,ररलग,
123,जरगग,मसलग,ससगल,तसलल,
124,सभलल,ररलग,रसगल,तरलग,
125,तरगल,यसलल,ररगग,मरलग,
126,तभलग,यसलल,ततगल,यसलग,
127,ससलल,ररलग,जतलग,सरलग,
128,मरगल,मरलग,यरगल,ररलल,
129,सरगग,यसलग,जसगल,ररलल,
130,मसगल,मरलग,जतगल,तसलल,
131,मरगग,मरलग,मरगग,मरलग,
132,ररगग,मरलग,ररगग,ररलग,
133,तरगल,मरलग,तसगग,मसलग,
134,ररगल,तसलल,मसगल,मरलल,
135,तरगल,रसलग,जरगग,मसलल,
136,तसलग,ररलग,मसगल,ररलग,
137,रयगग,मरलल,जरगल,ररलग,
138,ततलल,मसलल,यरगल,सरलग,
139,रसगल,रसलग,रसगल,मरलल,
140,रनगल,ररलग,जतलग,तसलग,
141,यरगल,सरलल,रसगल,रसलल,
142,नरगल,ररलग,सरगग,यरलग,
143,मसगग,यरलल,रसगग,सरलग,
144,मरगग,यरलल,मरगल,यरलल,
145,जतलग,मरलग,ररगल,मरलल,
146,यसगल,यरलग,यसगग,तसलग,
147,रसगग,ससलग,जरगल,सरलग,
148,यसगग,मसलल,रसगग,रसलग,
149,सरगल,मरलग,यरगग,तसलग,
150,तसगल,सरलग,मरगग,मरलग,
151,तरगग,ररलल,मसगग,ररलग,
152,यरगग,यरलल,यरगल,ररलल,
153,ररगग,मरलग,जसगग,तसलग,
154,ततलल,सरलग,यसगल,सरलग,
155,ससगल,तसलग,यसगल,जसलग,
156,रजगल,जसलग,जरगग,तसलल,
157,मसगल,यरलल,यमगल,यरगल,
158,मरगल,ररलग,ररगल,मरलल,
159,रसगल,मरलग,तरगल,ररलल,
160,तरगग,जसलल,मनगल,ररलल,
161,रसगल,ररलग,ससगल,मसलग,
162,मरगग,मरलग,सरगग,ररलल,
163,जरगल,रसलल,यसगल,सरलग,
164,तरगल,यरलग,यभलग,मरलल,
165,यरगल,मरलग,तरगल,यरलल,
166,ससगल,यसलग,सरगग,यरलल,
167,जरगल,तसलल,ररगल,यसलल,
168,जतगग,मरलल,यरगल,ररलग,
169,जरगल,तसलल,मसगल,यमलल,
170,यरगग,यसगग,ररगल,रसलग,
171,रसगल,मरलग,मरगल,ररलल,
172,रसगग,ररलग,सभलग,मरलग,
173,ररगग,रसलल,सरगग,यरलग,
174,मरगल,जसलग,तरगग,तसलग,
175,मरगल,ससलग,रभलग,ररलल,
176,यरगल,यसगग,सरगल,रसलग,
177,ममगल,तसलग,सरगल,मसगल,
178,तसगल,सरलग,मसगल,मरलग,
179,रसगल,मसलग,जरगल,सरलग,
180,तरगग,जसलग,जरगल,यरलग,
181,ररगग,ररलग,तरगल,यरलग,
182,मसगल,ररलग,तरगल,ररलग,
183,यसगग,रसलग,मरगल,मरलल,
184,यरगग,मरलग,यरगल,तसलग,
185,सरगल,मसलग,मसगल,यसलग,
186,ततलल,मरलल,तरगल,रसलग,
187,ररगल,ररलग,मसगल,मरलल,
188,मरगग,रसलल,मसगल,रसलल,
189,मसगल,ररलग,रसगग,भरलग,
190,ररगग,ररलग,मरगल,सरलग,
191,यभगल,मरलग,मसगग,मसलग,
192,ससगग,मरलल,मतलग,तसलग,
193,रतलग,रसलल,मरगल,यसलल,
194,तसगग,सरलग,ररगग,मरलग,
195,मसगग,ररलल,मरगल,तसलग,
196,तसगल,यरलग,सरगल,ररलग,
197,मसगल,मसलल,ररगल,मरलल,
198,ससगल,मरलग,मरगल,ररलल,
199,यसगल,रसलल,मरगल,रसलग,
200,सभगल,जसलग,ररगल,मसलल,
201,*तयततर,मरगल,सरलल,
202,मरगल,ररलल,मभलग,सरलग,
203,ररगल,ररलल,ररगल,यसलल,
204,मरगल,मरलग,मरगल,मरलल,
205,मरगल,यरलल,तरगल,मसलल,
206,मरगल,तसलग,जरगग,ररलग,
207,तरगग,रसलल,मसगग,यरलग,
208,रमगग,ससलग,ररगल,सरलल,
209,मरगल,मसलग,मरगल,तसलल,
210,मसगग,रसलग,ररगल,सरलल,
211,ररगग,सरलग,ररगग,तसलग,
212,ररगल,मरलल,ममगल,मरलल,
213,सयगल,रसलल,ररगल,तसलल,
214,मरगल,मरलग,रसगल,रसलग,
215,तसगग,ररलल,ररगल,मरलग,
216,मसगग,ररलग,यरगल,यरलग,
217,रभलग,मरलग,यरगग,ररलल,
218,यरगल,तभलग,जसगल,यसलग,
219,मरगल,जयलग,ममगल,ररलग,
220,तसगल,मसलग,मरगल,जसलल,
221,तरगल,मरलग,तसगल,ररलग,
222,तसगग,रसलल,ससगल,रसलग,
223,जरगग,मरलग,मसगल,मसलग,
224,सरगल,ररलल,ससगग,भभलग,
225,मरगग,मसलल,जरगग,ससलग,
226,ररगग,रसलग,तमगल,जसलग,
227,मरगल,रसलग,मरगल,यसलग,
228,तरगल,यरलग,यरगल,ररलल,
229,यरगल,ररलग,मरगल,रसलग,
230,मसगग,यसलग,सरगल,रसलग,
231,मरगग,मरलग,मरगग,मसलग,
232,जसगल,यसलग,सरगग,ररलग,
233,मभलग,रसलल,यरगग,मरलल,
234,जतलल,मसलग,यरगल,सरलग,
235,मनगल,मरलल,सरगग,तसलल,
236,ररगल,रसलग,मरगल,यसलग,
237,जरगल,यसलग,ररगग,मरलग,
238,ररगल,तसलग,तरगल,तसलग,
239,ररगल,मरलग,जरगग,मरलल,
240,जरगल,सरलग,तसगल,यरलग,
241,ररगग,मसलग,ररगग,सरलग,
242,यरगल,मरलल,तसगल,सरलग,
243,मभलल,मनलग,मसगग,यसलग,
244,यरगल,ससलग,ततगल,तसलल,
245,मरगग,सरलग,सरगग,रसलग,
246,यसगल,रसलग,तरगल,यसलल,
247,यभलग,ररलग,यरगग,ररलग,
248,मरगल,तसलग,मभलग,मसलल,
249,तरगल,यसलग,यरगल,ररलल,
250,मसगल,ररलल,मरगल,तसलग,
251,जसगल,मरलग,मरगग,ररलग,
252,यरगग,ररगग,रसगल,ररलग,
253,तसगल,यरलग,ररगल,मसलल,
254,सरगल,मसलल,रसगल,जसलग,
255,मरगल,ररलग,तरगल,ससलग,
256,मरगल,यरलल,जरगग,मरलग,
257,मसगग,मरलग,सरगल,ससलग,
258,जभलग,मयलग,ररगग,जसलग,
259,जतलल,यसलल,जरगल,मसलग,
260,जसगल,रसलल,जभलल,रसलल,
261,मरगल,तसलग,जरगल,मसलग,
262,ररगल,ररलल,ररगग,तसलग,
263,मसगल,तसलल,मसगल,ससलल,
264,ररगग,यरलग,ररगल,यसलग,
265,मरगल,यसलल,यसगल,यसलग,
266,मरगल,तसलल,मरगल,ररलग,
267,रसगल,जनगल,मरगग,तसलल,
268,जरगग,यरलल,मसगल,मसलग,
269,जरगग,तसलग,तभलग,मसलग,
270,सरगग,तसलग,तरगल,ररलल,
271,मसगल,तसलल,ररगग,यरलल,
272,मरगल,ररलग,यरगल,तसलग,
273,ररगल,यरलग,सरगल,ररलल,
274,रयगग,यरलग,यरगग,मरलग,
275,सरगल,जसलग,तभलल,मसगल,
276,ररगल,सरलल,ससगल,मसलल,
277,मरगल,ससलग,तसगल,मरलग,
278,यसगल,मरलग,जरगल,यसलल,
279,यरगग,मसलग,मरगग,मरलल,
280,रसगग,ररलग,मसगग,यसलग,
281,मसगल,मरलग,जरगग,यसगल,
282,मरगल,यरलग,मरगल,तसलग,
283,यरगल,तसलग,ससगग,मरलग,
284,ररगल,ररलल,यसगग,तरलग,
285,ससगग,यरलग,ररगग,यरलल,
286,मरगल,मसलल,यभलल,ससलग,
287,तसगल,रसलल,ससगल,तसलल,
288,जरगल,जसलग,सरगल,मरगल,
289,ममगल,मसलग,ररगल,यसलल,
290,मरगग,रसलल,मसगल,मरलल,
291,जसगल,रसलल,तमगल,तसलल,
292,तरगग,ररलग,ररगल,सरलल,
293,जसगग,मसलल,ररगल,मसलल,
294,मभलग,सरलग,तरगग,मरलग,
295,यरगग,यरलग,रयगग,ररलग,
296,जरगग,जरलल,मरगग,तसलल,
297,मतगल,ररलग,जरगल,जनलग,
298,यरगग,मरलल,रसगग,मरलल,
299,यरगग,ररलग,रतलल,सरलग,
300,ममगग,यरलग,तसगल,यसलग,
301,मरगल,रसलल,ररगग,तसलल,
302,सरगल,मसलग,ससगग,जसलग,
303,रसगग,ररलग,मसगल,मरलल,
304,मरगल,मरलग,यसगग,जसलल,
305,तमगल,ररगग,मरगल,मसलल,
306,मसगल,ररलल,यसगल,रसलल,
307,मसगल,ररलल,ररगल,मसलल,
308,मसगल,यरलग,तरगग,यमलग,
309,जसगल,मसलग,तरगल,मरलल,
310,ररगग,ररलग,जतलग,ररलग,
311,रसगल,तसलल,सरगल,सरलग,
312,सरगल,मसलल,जतलल,तसलग,
313,रभलल,यरलग,रभलग,यरलग,
314,सरगल,सरलल,सरगल,मयलल,
315,ररगल,यरलल,रसगल,ररलग,
316,मसगल,यरलल,ररगल,यरलग,
317,मरगल,रसलल,तसगल,मरलग,
318,तरगल,ररलग,ससगल,ररलल,
319,*जभजग,जतजगग,*ततजग,ततजगग,
320,जतजगल,मतजगल,यततगल,*जभसज,
321,जतजगल,जभतगग,यततगल,ततभगग,
322,मरगल,यसलल,मरगल,ररलग,
323,मरगल,ररलल,रसगल,जसलल,
324,जतलल,तसलग,मसगल,ररलग,
325,रसगल,तसलल,रसगल,मसलग,
326,तसगग,सरलल,रसगल,यसलग,
327,जसगल,जरलग,तसगग,मसलग,
328,मरगग,ससलग,तरगग,मरलग,
329,मरगल,मरलग,तरगल,ससलग,
330,यरगग,मरलग,ररगल,तसलल,
331,मसगल,यसलल,तसगग,तसलल,
332,ससगल,मरलग,मरगल,रसलल,
333,ररगल,मरलग,यरगल,तसलल,
334,मसगल,मरलल,भमगल,रसलग,
335,मरगल,मरलल,रसगल,मसलग,
336,ररगग,सरलग,ररगल,ररलग,
337,मतगल,मसलल,मरगल,ररलल,
338,ततजगल,ततजगल,ततजगग,ततजगल,
339,जतलल,यसलग,मभलल,मरलग,
340,रतगल,जसलल,मसगल,सरलल,
341,ततलग,मसलल,तरगग,ररलल,
342,जसगल,सरलग,तरगल,यरलग,
343,सरगल,ररलल,रसगग,यरलग,
344,यरगल,मरलग,यरगल,मसलल,
345,ररगल,यरलग,तरगल,मयलल,
346,यरगल,यसलग,मसगल,सयलग,
347,सरगल,यसलल,यसगल,यरलल,
348,यभगल,रसलल,ररगल,जसलग,
349,सरगग,रसलल,यसगग,ससलल,
350,मरगग,मरलग,ररगल,यरलग,
351,यरगल,तरलग,जभलग,मरलल,
352,सरगग,ययलग,यरगग,ररलग,
353,ररगग,यरलग,मयगल,सरलल,
354,जसगल,जसलल,तसगल,ससलल,
355,जभलग,मरलग,तरगल,तसलल,
356,यरगग,यसलग,ससगल,यरलल,
357,जसगल,यमलल,यरगल,सरलल,
358,मततगग,मततगग,*ततजग,ततजगग,
359,मततगग,मततगल,ततजगग,जततगग,
360,यरगग,ररलग,मरगग,मरलल,
361,तरगग,यरलग,ररगल,जसलल,
362,जरगग,तसलल,ससगल,मरलग,
363,ररगग,यसलग,तरगग,ररलग,
364,मरगल,मरलल,सभगल,तसलग,
365,रसगल,रसलल,रसगल,रसलल,
366,जसगल,ररलग,तरगग,यरलल,
367,यरगल,यभलग,रसगग,सरलल,
368,ससगग,सरलग,रसगल,तसलग,
369,तसगग,मरलल,तसगल,यरलल,
370,रसगल,ररलग,यरगग,रसलल,
371,ररगग,मरलग,जसगल,यसलग,
372,रसगग,मरलल,मसगल,मरलग,
373,रसगग,रसलग,मरगल,तसलग,
374,जभलग,ससलग,सरगग,यरलग,
375,तसगल,रसलल,यरगल,ररलग,
376,मसगल,यरलग,यरगग,यसलल,
377,यसगल,यरलग,जमगग,रयलग,
378,जतगग,मसलग,मरगग,मसलग,
379,तमगल,सरलग,ररगल,ररलग,
380,यभलग,मरलग,सरगग,यसलग,
381,मरगग,ररलल,सरगल,तसलल,
382,तसगग,सरलल,जरगल,रसलग,
383,मरगल,सरलग,ररगग,ररलग,
384,यसगल,यसलग,सरगल,रसलल,
385,मरगग,मरलग,सरगल,यसलग,
386,रयगग,तसलल,ससगल,यरलग,
387,सरगल,रसलल,रसगल,रसलग,
388,ररगल,मसलग,तरगग,यरलल,
389,यरगल,रसलल,रसगल,तसलग,
390,ररगल,यसलल,तसगल,ररगल,
391,रसगल,मसलग,तरगल,मरलग,
392,सरगल,ररलग,सरगल,मरलल,
393,मरगल,रसलग,यसगल,मरलग,
394,मरगल,मरलग,ररगल,मरलग,
395,मरगल,मरलग,यरगल,तसलल,
396,जरगग,रयलल,मरगल,सरलग,
397,यतलल,यरलल,मसगल,ररलग,
398,मरगग,मरलग,मतलल,मसलग,
399,तसगग,रयलल,तरगग,यसलल,
400,ररगल,मरलल,सरगल,मरलग,
401,यरगग,सरलल,यरगल,यसलल,
402,मरगग,तसलल,मयगल,ररलग,
403,ससगल,मयलल,यसगल,ररलग,
404,मरगल,मरलल,तमगग,तसलल,
405,ररगल,मरलल,सरगग,मरलग,
406,मसगल,रसलग,मरगग,ममलग,
407,मसगग,मरलल,मरगल,मसलग,
408,तसगल,मरलल,जसगल,मसलल,
409,मरगल,ररलग,यरगल,यसलग,
410,तसगल,रसलग,मरगग,मसलल,
411,तरगग,तसलल,ससगग,यरलल,
412,तसगग,यरलल,ररगग,यरलग,
413,तरगल,रसलग,ररलल,सरलल,
414,ससगल,मसलल,मसगल,मसलल,
415,*सजसररलल,ररगल,मसलल,
416,जरगग,यसलग,तसगल,तसलल,
417,ररलल,मसलल,ररगल,रसलल,
418,रसगल,यनलग,तसगल,ररलल,
419,ररगल,ससलग,तरगल,ममलल,
420,मरगग,रसलग,जरगल,मरलल,
421,यरगल,तसलल,सरगल,तरलल,
422,सरगल,यसलग,तरगल,ररलल,
423,ररगल,यरलग,ररगल,सरलल,
424,जभलल,यसलल,जतलल,मरलल,
425,रभलल,ररलल,मसगल,यरलल,
426,ससगल,जसलग,सयगग,मसलग,
427,मरगल,ससलग,यरगल,यरलग,
428,जरगग,ररलग,जसगल,तसलल,
429,ततजगग,ततजगग,*ततजग,ततजगग,
430,जतजगग,तततगल,ततजगग,ततजगल,
431,जभतगल,मततगल,तततगग,ततजगल,
432,जभतगग,जतजगल,जतजगग,जतजगग,
433,*जतजग,जतजगल,ततजगग,जतजगल,
434,मतजगल,ततजगग,तततगग,ततजगल,
435,जभतगल,मतयगल,मरजगग,जभतगग,
436,मभतगग,तभतगल,ततजगग,मततगग,
437,ततजगग,यभतगल,जभतगग,मतजगल,
438,यतजगग,ततजगल,ततजगग,ततजगग,
439,ततजगल,ततजगल,जतजगल,जतजगल,
440,जततगग,ततजगग,मततगग,जतजगग,
441,तभतगल,ततजगल,ततजगल,मततगग,
442,जतजगग,जतजगल,जतजगग,जतजगल,
443,जतजगग,जतजगग,जतजगग,जतजगग,
444,तभतगग,ततजगग,ततजगग,ततजगग,
445,तततगग,जतनगल,ततजगग,नतनगल,
446,ततजगग,ततनगग,तभतगग,तततगग,
447,ततजगल,मततगल,यभतगल,जतजगल,
448,ततजगल,ततजगग,जतजगग,ततजगग,
449,मभतगल,तततगग,यततगग,जततगल,
450,मतनगग,जतजगल,ततजगल,ततजगग,
451,तभतगल,जततगग,जतजगल,जभतगल,
452,*जतजग,जतजगल,ततजगल,जतजगल,
453,ततजगग,जतजगल,जतजगग,जतजगग,
454,जतजगग,जतजगल,जतजगग,ततजगग,
455,जतजगग,ततजगल,जभतगग,जतजगल,
456,ततयगल,जतजगल,ततजगग,ततजगल,
457,जतजगल,जतजगग,जतजगग,ततजगल,
458,तभजगग,जतजगल,जतजगग,जतजगल,
459,जमजगग,जजजगग,जतजगग,जतजगल,
460,जभतगग,ततजगल,ततजगल,जतजगग,
461,जतजगग,ततजगग,ततजगग,ततजगल,
462,जतजगग,नतजगग,मतयगग,ततजगल,
463,ततजगग,मततगल,जतजगग,जतजगल,
464,तततगग,यततगग,ततजगग,ततजगग,
465,मरगल,सरलल,यरगल,ययलग,
466,यसगल,रसलल,मरगल,मसलग,
467,मभलग,यसलग,ररगल,रसलग,
468,तरगल,सरलल,मरगल,यसलल,
469,ततलग,मरलग,मरगल,ररलल,
470,तसगग,मरलग,मसगल,मरलग,
471,मसगग,ररलग,रसगग,मसलग,
472,तसगल,मरलग,तसगल,तसलल,
473,ररगल,तसलग,तरगल,रसलग,
474,तसगग,मरलग,मसगल,रसलग,
475,ररगल,सरलग,यरगल,मसलग,
476,तरगग,ररलग,जसगल,मसलग,
477,तसगल,सरलल,ससगल,सरलग,
478,सरगल,यनलल,ततलग,मरलल,
479,मसगल,तसलल,जसगल,मसलल,
480,जरगल,मरलग,रसगल,जसलग,
481,तरगग,मरलग,मसगल,मसलल,
482,मरगग,तसलल,रसगल,ससलग,
483,मसगग,यरलग,तसगल,मरलग,
484,मसगग,मसलग,मसगग,मसलग,
485,सरगल,यरलग,मसगग,मरलग,
486,रनगल,जसलल,जसगग,ररलग,
487,यरगल,यरलग,तसगल,यसलग,
488,ररगग,मरलल,सभलल,ररलग,
489,रतलल,यरलग,रतलग,मरलग,
490,यसगल,मरलल,मसगल,मरलल,
491,जमगल,रसलग,मरगल,तसलग,
492,मरगल,मरलल,मरगल,मरलल,
493,मरगल,रसलल,सरगल,ररगल,
494,रसगल,मसगल,रसगल,ररलग,
495,यरगग,ररलल,रसगल,रसलग,
496,मरगल,मरगग,मरगल,ससगल,
497,यसगल,यरलल,मरगल,रसलग,
498,ररगल,सरलल,रसगल,ररलल,
499,जसगल,रयलल,तसगल,मरलल,
500,सरगल,रसलग,जरगल,ससलल,
501,मरगल,मरलल,मनगल,मसलग,
502,मरगल,मरलग,जरगल,यरलग,
503,ररगल,रसलल,रसगग,ररलल,
504,तसगल,तसलल,यरगल,रसगल,
505,सरगग,ससलल,मसगल,मरलल,
506,सरगल,जनलल,ररगल,जसलल,
507,रसगल,ससलग,मतगल,ररलल,
508,सरगल,मरलग,तमगल,मरलग,
509,यसगल,ररलल,यसगल,भरलग,
510,रसगग,तरलग,ससगग,मरलग,
511,सयगल,तरलग,रसगल,सरलल,
512,यरगल,मरलग,सरगग,मसलग,
513,यभलल,यसलल,ररगल,सरलग,
514,मसगल,ररलग,मरगल,ररलग,
515,मसगल,मसलग,रसगल,तसलग,
516,मरगल,मसलल,मरगग,तसलल,
517,यरगल,मसलल,यसगल,तसलल,
518,यरगल,ससलल,सरगल,यसलल,
519,यसगल,सरलग,तसगल,यरलल,
520,ययगल,तसलल,ससगल,ररलग,
521,यतगग,सरलग,यरगल,ससलग,
522,यसगग,मरलग,मरगग,यरलग,
523,जरगल,मसलग,मरगल,जसलल,
524,मरगल,ररलग,तरगल,ररलल,
525,यरगल,मरलल,मसगग,यसलग,
526,यसगल,सरलग,तरगग,ससलल,
527,सभगल,मरलल,ररगग,जसलल,
528,रसगल,ररलग,मसगल,यरलग,
529,तभलल,जरलग,यसगग,मसलल,
530,रतगग,जसलल,सरगल,ररलल,
531,यरगल,मसलल,ररगल,ररलल,
532,यरगल,ररलग,यरगल,ररलल,
533,ततलल,यसलल,रभलल,यरलल,
534,जतगल,तसलल,यरगल,यरलग,
535,मरगल,जसलग,तरगग,यरलल,
536,तरगल,रसगग,यरगग,यसलल,
537,ररगल,यरलल,यरगग,यसलल,
538,यरगल,सरलग,जसगग,ससलग,
539,नसगग,रसलग,जतलल,रसलग,
540,रयगल,ररलल,ससगल,मसलल,
541,मरगल,सरलल,जतलग,सरलल,
542,मरगग,मरलग,जसगग,यरलग,
543,तमगल,यरलल,यसगल,मरलल,
544,यरलग,मसलग,रसगग,यरलग,
545,मरगग,यनलग,यरगग,रसलग,
546,यसगल,रसलल,जरगल,सरलल,
547,यसगग,यसलग,यरगल,रसलग,
548,ससगल,सरलग,तरगल,ररलग,
549,तरगल,मरलग,मसगग,यरलग,
550,रसगल,ररलग,ससगग,ररलग,
551,रसगल,यरलल,रसगल,यरलल,
552,रसगल,मरलल,तरगल,मसलल,
553,यरतगग,जतजगग,जतजगल,ततजगग,
554,*जतजर,ततजगग,ततजगग,जततगग,
555,जतजगग,तभतगग,जतजगग,जततगग,
556,ततजगग,ततजगग,ततजगग,ततजगल,
557,यसगग,सरलग,मसगग,तसलल,
558,यतगग,ररलग,यतगल,यरलल,
559,यसगल,मरलग,मरगल,मरलग,
560,मतगल,सरलल,यसगल,ससलग,
561,मरगल,मरलल,यरगल,तरलग,
562,यरगल,मरलल,ययगग,मरलग,
563,यसगग,यसलल,तसगग,मरलल,
564,मसगल,रसलग,तरगग,मरलग,
565,यरगग,ररलग,मसगल,यरलल,
566,तमजगग,मतजगल,ततजगग,ततजगल,
567,रसगग,यसलल,यरगल,मसलग,
568,रसगल,सरगग,मसगल,यसलग,
569,तसगल,रसलग,जमगल,ससलग,
570,मसगग,तसलल,जभलग,ररलल,
571,ससगल,सरलल,मतगग,ररलल,
572,सरगल,ररलग,तरगल,मसलल,
573,यरगल,मसलल,यरगल,ररलल,
574,तमगल,मरलग,जरगग,सरलल,
575,मरगल,मरलल,मरगल,रसलग,
576,मरगल,यरलग,ररगग,सरलल,
577,तमगल,रसलल,मसगल,ररगल,
578,यसगल,जसलग,यरगग,यरलग,
579,जरगग,ससलल,ससगल,यरलल,
580,मसगल,मरलग,सरगल,जसलग,
581,ररगल,रसलग,ममगग,यरलग,
582,तसगल,सरलग,तभलग,तसलग,
583,मसगग,मसलग,मरगल,मरलग,
584,ससगल,यरलल,सभलग,जसलल,
585,जरगल,यरलल,रसगग,मसलग,
586,तसगल,तयलग,मरगल,मसलग,
587,जरगग,रसगग,यरगल,जसलग,
588,ररगग,ससलग,यरगग,मसलल,
589,यरगल,मरलग,तसगल,ररलग,
590,रसगग,मसलग,जभलग,ररलल,
591,ररगग,मसलल,मरगल,यसलल,
592,ससगल,मसलग,मरगल,मरलग,
593,तमगल,यरलग,ररगल,यसलल,
594,तसगल,ररलग,ससगल,ससलल,
595,मरगग,मरलग,मसगल,रसलल,
596,तसगल,यरलग,मरगल,ररलग,
597,सनगग,ररलग,ररगल,ररगल,
598,तमगल,तसलल,ततलग,मरलग,
599,यरगग,ररलग,मसगग,यरलग,
600,जसगल,मरलग,मरगग,रसलग,
601,ररगल,मसलग,मरगल,मसलग,
602,मसगल,सनलग,तरगल,मसगल,
603,मसगल,यसलग,मरगग,मरलग,
604,तसगल,रसलग,मरगग,ररलग,
605,रभलल,रसलल,तसगल,ररलल,
606,सरगग,सरलग,ततलल,यसलग,
607,सभलल,तसलल,रसगल,मरलल,
608,ससगल,रसलल,तसगल,रसलग,
609,तसगल,ररलल,रसगल,मसलग,
610,यसगल,तसलल,मसगल,रसलग,
611,जमगल,रसलग,ररगल,यसलग,
612,रसगल,यसलग,सरगग,रसलग,
613,तरगल,यरलल,सनगल,रसलल,
614,मतगल,रसलग,यरगग,तसगल,
615,तसगल,रसलग,मरगल,मरगल,
616,रसगल,सरलग,रसगल,मरगल,
617,जमगल,यरलग,यसगल,तसगल,
618,*भयतभम,ररगल,तसलग,
619,मरगल,रसलग,यरगग,सरलग,
620,जसगल,यसलग,तभलग,यरलग,
621,मरगल,यरलग,यभलग,मरलग,
622,तसगल,जसलग,रसगल,यरलग,
623,तरगल,यमलल,सरगल,सरलल,
624,मसगग,ररलल,तयगल,मसलल,
625,मरगल,मसलग,रसगल,मरलग,
626,मसगग,ररलग,रसगल,जसलग,
627,ररगल,तसलल,तसगल,सरलग,
628,रसगल,यरलल,मरगल,रसलग,
629,तसगल,मरलल,मरगल,रसलल,
630,ससगल,ररलग,मसगल,रसलग,
631,ररगल,मसलग,यरगल,रसलग,
632,ररगल,ससलल,मरगल,यरलग,
633,जसगल,सरलग,मसगग,मरलग,
634,सयगल,मरलग,रसगग,यसलग,
635,जमगल,सरलल,यरगल,सरलल,
636,मसगग,रसलग,ममगल,ररलग,
637,यरगग,सयलल,सयगग,मरलल,
638,जरगल,रसलग,मसगग,मरलग,
639,मसगल,मरलग,तरगग,ससलग,
640,रमगग,मसलग,*तसरनर,
641,मरगग,सरलग,सरगल,सरलग,
642,मसगल,जसलग,रसगग,यरलल,
643,ररगल,रसलग,सरगल,मरलल,
644,मसगल,ममलग,ररगल,मरलल,
645,रसगल,मसलल,यसगल,तसगल,
646,सभलल,यरगल,सरगल,मसलग,
647,ररगल,मरलग,ससगल,तसगल,
648,सरगग,ससलल,मरगल,मसलग,
649,ररगग,मसलग,रतगल,मसलग,
650,मसगल,मरलग,ररगग,रसलग,
651,यमगल,यरलग,यरगल,मसलग,
652,ममगल,ससगल,रसगल,मसलल,
653,यसगल,मरलग,मरगल,मरलग,
654,यसगल,मरलल,सरगल,मरलग,
655,यभलग,रसगग,मसगल,मरलग,
656,ततलग,यरलग,मसगग,मरलग,
657,जरगग,मसलल,यसगग,मरलग,
658,यरगल,यसलल,ससगग,मरलग,
659,जतलल,रसलल,मसगल,मसलल,
660,रभलल,समलल,ररगल,ररलल,
661,ससगग,रमलल,सभलल,ररगल,
662,यरगल,यसलग,मरगल,तसगल,
663,सयगग,सरलग,तरगल,यरलग,
664,रभलग,मसलल,तसगल,यसलग,
665,जरगल,रसलल,मरगल,रसलल,
666,ममगल,मसलल,रसगल,मसलल,
667,ररगल,रसलल,सरगल,मसलल,
668,मभलल,मसलग,जसगल,यसगल,
669,जमगग,रसलल,जरगल,मसलग,
670,ततलल,सरलग,जसगल,मरलल,
671,सरगल,जनलग,मरगल,मसगग,
672,जमगल,यसगग,ततलग,मरलल,
673,मरगल,यसलग,यरगल,मरलग,
674,तरगग,मरलल,मसगग,मरलल,
675,जमगग,सरलग,रसगल,मसलग,
676,यरगल,मरलल,जरगग,ररलग,
677,ररगग,जसलल,यरगल,मसलग,
678,मसगल,मरलग,यरगग,ससलल,
679,रभलग,मरलग,ररगल,रसलल,
680,ररगल,सरलग,रसगल,मसलल,
681,मरगल,ररलल,ससगग,जसलल,
682,सरगल,जसलग,तसगग,यरलल,
683,जरगल,यरलग,मसगग,यसलल,
684,ररगग,मसलल,ररगल,मरलग,
685,जसगल,ररलल,ररगल,मसलल,
686,सरगल,मसलग,यसगल,जसलल,
687,रसगल,रसलग,ततलल,यरलल,
688,रसगग,मरलल,मसगग,सरलग,
689,ररगल,मसलल,यरगग,ररलग,
690,यरगल,मसलल,यरगल,सरलल,
691,ससगल,मसलल,तसगग,मरलग,
692,सरगल,मसलग,ससगग,तसलल,
693,तभलल,मरलग,ररगल,मसलग,
694,मसगल,रसलग,*ररततर,
695,ररगल,यरलग,ररगल,यरलल,
696,ममगग,ररलल,जसगल,यसलल,
697,ररगल,तसलग,तसगल,ररलल,
698,ततलग,मसलल,मरगग,तसलल,
699,मरगल,तसलल,रसगल,तसलग,
700,ररगल,ररलग,ररगल,तसलग,
701,ररगग,ररलग,रसगल,यरलल,